order_id,counts_items,sums_money
1,5,10231.04
2,2,1697.97
3,2,1519.98
4,1,1349.98
5,3,3900.06
6,5,9442.5
7,3,2165.08
8,2,1372.47
9,1,7199.98
10,1,242.99
11,3,3155.95
12,2,6816.92
13,4,3278.05
14,1,437.09
15,4,4030.05
16,4,2449.75
17,4,4092.85
18,5,11406.42
19,2,6240.55
20,2,5671.13
21,3,2083.16
22,2,1104.47
23,3,6265.95
24,2,2635.12
25,5,3633.35
26,4,5342.15
27,4,4205.96
28,4,8587.39
29,5,3859.92
30,5,11183.03
31,2,7993.86
32,3,5270.94
33,2,4157.97
34,3,6822.58
35,5,3376.59
36,3,5644.91
37,1,1139.98
38,5,11578.65
39,4,3768.93
40,2,3223.18
41,3,2867.27
42,1,426.55
43,2,1530.96
44,2,4169.98
45,3,5404.05
46,1,386.1
47,4,2069.45
48,4,6712.84
49,1,502.18
50,3,2497.95
51,3,1786.46
52,1,464.99
53,4,4781.92
54,2,1759.97
55,3,1904.45
56,1,1115.98
57,3,1509.47
58,3,1200.54
59,3,1703.68
60,4,3831.85
61,3,3570.55
62,3,3977.05
63,3,2653.07
64,4,2801.92
65,1,494.99
66,3,1390.47
67,5,4422.93
68,2,888.28
69,3,3014.32
70,3,2829.17
71,3,1984.07
72,3,1806.41
73,5,4196.02
74,2,1577.07
75,3,8763.96
76,3,4776.79
77,4,2427.95
78,4,2052.35
79,4,7568.05
80,3,1378.18
81,3,3998.36
82,2,3589.56
83,2,2379.97
84,2,1543.76
85,2,5927.55
86,4,6866.93
87,2,1499.96
88,3,8280.54
89,2,2100.92
90,2,1337.08
91,4,3475.84
92,1,1619.99
93,5,4633.85
94,4,4689.45
95,4,6902.46
96,2,824.98
97,4,2813.55
98,4,1692.53
99,5,9301.92
100,5,12420.7
101,1,879.98
102,2,754.58
103,5,8062.12
104,2,1378.19
105,3,6489.56
106,2,872.08
107,2,845.18
108,3,3155.05
109,2,923.07
110,1,242.99
111,2,1265.97
112,4,3511.73
113,5,4803.62
114,3,1705.96
115,2,620.09
116,1,569.99
117,4,1644.51
118,5,5909.61
119,1,474.99
120,5,5716.59
121,5,9210.71
122,1,539.99
123,1,989.98
124,3,10866.96
125,1,386.1
126,1,5699.98
127,3,6332.94
128,4,8309.92
129,2,3104.09
130,2,3027.03
131,3,6815.94
132,3,4694.96
133,2,728.97
134,3,3038.32
135,4,4475.46
136,2,8299.96
137,2,521.98
138,2,1455.97
139,2,1765.13
140,4,2469.95
141,1,359.2
142,3,4523.33
143,1,375.99
144,1,3419.98
145,2,6744.77
146,5,4765.42
147,1,959.98
148,1,256.49
149,2,1525.16
150,4,5728.93
151,2,926.09
152,3,2299.94
153,3,3238.96
154,1,494.99
155,1,1619.99
156,3,1970.59
157,2,10049.97
158,1,494.99
159,1,215.99
160,4,3642.01
161,3,8879.45
162,3,2719.73
163,2,854.19
164,3,8696.07
165,3,6462.46
166,2,4132.99
167,4,9874.65
168,4,5004.59
169,5,5431.89
170,4,5565.56
171,1,1709.99
172,2,758.98
173,3,1876.46
174,2,1240.18
175,4,3292.42
176,3,5224.54
177,1,1079.98
178,4,4318.45
179,5,3372.13
180,1,557.99
181,4,4877.4
182,2,1972.96
183,4,4551.1
184,3,3751.87
185,2,2249.98
186,2,3032.98
187,1,1254.94
188,1,7439.98
189,1,959.98
190,3,2546.46
191,5,5989.93
192,5,7918.84
193,1,989.98
194,1,431.98
195,5,7855.23
196,5,6239.09
197,2,6034.96
198,5,5809.47
199,3,4105.11
200,2,1072.16
201,4,4616.01
202,4,4038.5
203,4,3891.51
204,2,1646.38
205,2,1502.96
206,2,954.98
207,4,12461.54
208,5,10620.04
209,1,242.99
210,2,683.07
211,2,2835.55
212,4,5600.05
213,1,242.99
214,1,242.99
215,2,1407.55
216,2,1625.96
217,3,3591.27
218,3,2123.56
219,2,1626.78
220,4,3443.93
221,1,3126.64
222,2,2744.08
223,5,10216.23
224,4,6416.26
225,2,2942.98
226,1,712.49
227,2,2853.96
228,5,4911.43
229,3,4617.75
230,1,3126.64
231,3,5893.54
232,4,7967.41
233,4,2748.74
234,5,8069.65
235,3,8550.05
236,3,8429.94
237,4,2465.45
238,5,6089.92
239,4,7404.51
240,4,6527.64
241,1,3199.99
242,1,799.99
243,3,9385.1
244,3,1060.55
245,2,4563.09
246,1,686.4
247,2,1264.98
248,4,4109.06
249,3,8696.07
250,2,3840.88
251,2,992.96
252,3,6126.87
253,1,3126.64
254,3,2346.66
255,4,4044.84
256,2,1769.38
257,4,7045.15
258,4,6961.09
259,4,5225.94
260,3,2599.16
261,3,2155.17
262,2,6397.47
263,3,5014.96
264,4,5098.14
265,1,4799.98
266,3,1708.37
267,5,9163.42
268,3,7251.96
269,4,3163.04
270,2,1276.97
271,4,11462.59
272,2,2958.3
273,1,242.99
274,3,9673.84
275,3,8476.52
276,3,7587.51
277,3,2197.94
278,4,4692.86
279,1,464.99
280,3,1832.06
281,3,8177.05
282,4,11013.93
283,2,3809.97
284,2,1359.97
285,3,2337.46
286,4,6142.13
287,4,3810.82
288,3,11314.07
289,3,1034.28
290,3,4095.01
291,2,1395.16
292,3,6448.29
293,2,1229.09
294,4,8975.15
295,1,502.18
296,4,7345.73
297,1,4639.98
298,5,4624.93
299,2,5672.28
300,4,10563.64
301,2,689.48
302,3,2915.1
303,2,4464.96
304,3,9211.52
305,3,3463.54
306,2,1490.29
307,1,1006.98
308,3,4534.38
309,2,1472.48
310,4,11479.53
311,2,2928.68
312,3,2687.14
313,2,5578.13
314,4,11950.47
315,2,4044.78
316,5,3586.7
317,4,2431.16
318,3,4135.95
319,4,3018.28
320,1,674.99
321,4,6479.93
322,2,683.07
323,2,1582.16
324,5,3074.2
325,3,4991.96
326,2,773.98
327,3,4029.06
328,1,845.98
329,5,5701.1
330,1,512.98
331,1,772.2
332,1,853.1
333,3,5055.11
334,3,5709.95
335,3,2024.06
336,2,3049.98
337,2,3181.54
338,5,8534.37
339,2,1249.97
340,5,6416.59
341,1,569.98
342,3,4037.96
343,4,5338.95
344,3,1307.62
345,2,1831.18
346,5,2090.66
347,1,278.99
348,2,3495.66
349,1,959.98
350,3,2380.96
351,4,7482.13
352,2,1560.78
353,1,1199.98
354,2,642.54
355,2,1042.17
356,3,3581.46
357,4,4678.76
358,4,5588.34
359,3,12965.74
360,4,7932.94
361,3,3403.85
362,1,697.49
363,4,1694.05
364,1,949.98
365,1,1022.98
366,3,3899.96
367,3,4279.57
368,4,4447.72
369,1,2881.14
370,2,6169.96
371,2,655.98
372,3,3271.81
373,5,5119.35
374,2,5114.09
375,4,8376.92
376,2,1934.96
377,2,1961.08
378,1,1139.98
379,2,3269.98
380,2,3763.87
381,1,502.18
382,3,4571.07
383,5,1929.51
384,5,5478.94
385,3,7791.05
386,3,4299.95
387,1,359.2
388,4,3430.96
389,5,8281.3
390,3,10574.96
391,3,4810.55
392,2,2385.96
393,1,751.98
394,3,1196.96
395,1,256.49
396,3,2501.76
397,1,3799.99
398,4,5080.62
399,3,3911.86
400,3,5022.95
401,2,2718.39
402,3,2672.69
403,4,8342.93
404,3,4699.95
405,3,4890.36
406,1,2319.99
407,2,1734.93
408,4,3370.57
409,3,1709.36
410,3,7139.95
411,2,1837.47
412,3,4497.58
413,3,6659.96
414,1,5219.98
415,4,3359.74
416,3,997.17
417,2,1990.16
418,2,1092.48
419,1,2849.99
420,3,3540.36
421,5,6611.11
422,1,1139.98
423,4,4921.15
424,2,689.48
425,3,1351.72
426,2,1964.08
427,3,3092.94
428,2,2329.57
429,5,10186.73
430,5,8561.25
431,5,2133.92
432,2,10078.38
433,4,4477.17
434,5,7176.21
435,3,3533.03
436,2,1189.98
437,3,5841.52
438,4,6872.94
439,2,8474.16
440,2,6229.12
441,2,988.48
442,3,2827.94
443,2,1734.93
444,5,5395.24
445,3,3997.97
446,2,1331.97
447,3,8083.96
448,2,1405.96
449,4,9927.55
450,3,2222.87
451,1,512.98
452,4,10986.9
453,3,3564.96
454,3,2432.94
455,1,2849.99
456,2,1076.93
457,4,9278.65
458,5,4655.03
459,1,1344.79
460,4,4067.66
461,5,7601.15
462,1,989.98
463,1,502.18
464,1,3599.99
465,2,1745.96
466,5,10360.25
467,5,4654.95
468,4,9497.17
469,3,6784.95
470,3,3563.02
471,2,728.97
472,2,962.97
473,1,557.99
474,2,2197.89
475,3,2157.91
476,4,9408.78
477,2,1894.54
478,1,502.18
479,5,6335.66
480,3,3816.46
481,3,6947.94
482,2,458.98
483,1,398.97
484,4,9838.44
485,2,1382.97
486,2,3359.97
487,1,375.99
488,3,1328.65
489,1,3239.98
490,4,1525.15
491,3,6319.94
492,3,1478.96
493,3,1926.58
494,1,269.99
495,2,3065.98
496,3,914.96
497,1,929.98
498,3,2195.05
499,4,3349.64
500,2,1260.97
501,4,3328.06
502,1,256.49
503,2,1973.73
504,2,2414.96
505,1,479.99
506,2,4169.98
507,3,4776.04
508,4,6543.06
509,2,5989.96
510,1,386.1
511,2,755.97
512,1,251.09
513,3,4214.97
514,2,1516.34
515,4,4544.84
516,2,6177.77
517,1,502.18
518,5,8394.46
519,5,6065.45
520,3,2420.55
521,2,1272.78
522,3,6152.65
523,4,4503.74
524,5,7105.77
525,3,7848.26
526,4,4169.35
527,4,8359.21
528,1,512.98
529,1,1022.98
530,3,4873.95
531,3,1720.96
532,3,2252.91
533,4,5024.16
534,4,7900.43
535,3,1485.46
536,4,2214.05
537,4,3613.72
538,1,1199.98
539,3,6187.15
540,3,2042.06
541,1,512.98
542,4,4918.36
543,3,1899.17
544,3,1165.08
545,4,2793.04
546,3,3270.23
547,3,6782.76
548,2,4746.63
549,5,6278.84
550,1,2754.99
551,4,4665.54
552,5,2402.47
553,3,1841.62
554,3,6756.45
555,3,6155.96
556,2,5179.97
557,2,6794.08
558,5,10372.09
559,3,8816.95
560,2,1649.97
561,4,3486.41
562,2,1499.97
563,3,1758.51
564,2,2743.98
565,4,4495.27
566,4,9474.93
567,2,3628.51
568,2,2726.49
569,2,1559.97
570,5,5090.41
571,2,5454.98
572,3,4125.55
573,1,599.99
574,5,5779.81
575,2,5833.97
576,1,2699.99
577,1,1599.98
578,4,4784.15
579,2,7975.97
580,5,7824.03
581,1,3347.98
582,2,3276.34
583,1,847.98
584,5,4778.02
585,4,3484.07
586,2,3505.76
587,4,1450.02
588,2,3121.13
589,1,1006.98
590,5,8200.72
591,3,3439.94
592,3,1891.11
593,2,2264.97
594,2,1052.97
595,5,7042.67
596,3,4644.91
597,2,2360.39
598,3,6868.95
599,4,9199.15
600,3,4271.11
601,1,879.98
602,2,3464.02
603,2,3121.48
604,2,7681.12
605,4,3144.32
606,2,1605.08
607,3,3900.65
608,3,12334.95
609,4,6715.43
610,5,4436.6
611,1,1115.98
612,4,1364.94
613,3,6764.57
614,2,660.59
615,4,3502.49
616,2,1399.97
617,2,3974.62
618,2,2335.52
619,1,464.99
620,1,2113.58
621,1,797.94
622,4,7688.27
623,1,1673.99
624,4,1754.04
625,4,4186.52
626,1,423.99
627,3,5775.54
628,1,953.98
629,5,4835.37
630,4,3015.31
631,2,2008.76
632,5,4851.13
633,4,6068.94
634,2,6004.97
635,1,2754.99
636,1,527.98
637,2,3509.97
638,3,6349.36
639,4,10794.35
640,5,3447.22
641,3,3695.47
642,1,836.98
643,1,712.49
644,1,2789.99
645,5,15455.62
646,4,4269.95
647,2,1172.97
648,1,511.49
649,4,4466.64
650,1,799.99
651,4,2082.14
652,5,7130.53
653,5,7520.03
654,4,4497.0
655,1,225.89
656,3,1279.06
657,2,6912.17
658,3,9399.96
659,4,17086.93
660,4,17305.93
661,2,7022.96
662,5,7339.41
663,5,4464.66
664,5,13130.82
665,3,9279.95
666,2,2208.97
667,5,1804.85
668,2,3658.18
669,2,1692.57
670,4,5154.14
671,5,6978.71
672,3,15439.94
673,4,2112.29
674,1,959.98
675,4,1600.09
676,4,2719.47
677,5,15416.15
678,2,2371.16
679,2,1132.96
680,3,10869.96
681,5,9704.94
682,3,3935.96
683,1,1349.98
684,2,5537.98
685,5,16950.07
686,5,2787.95
687,4,5382.04
688,2,1800.48
689,1,845.98
690,4,4195.3
691,4,7747.73
692,4,13523.74
693,4,5015.73
694,5,9934.12
695,2,4387.96
696,3,4762.46
697,1,2509.88
698,3,10336.96
699,5,5557.32
700,2,10399.97
701,1,104.49
702,3,3243.75
703,4,7004.83
704,3,6654.47
705,1,4499.99
706,3,2717.96
707,4,5416.43
708,3,5959.06
709,3,7157.35
710,5,11055.93
711,3,4167.84
712,5,8072.32
713,4,2500.43
714,1,335.98
715,2,13799.97
716,4,7111.03
717,2,10617.97
718,3,10572.54
719,1,391.99
720,2,861.01
721,4,3860.14
722,3,2319.75
723,3,2011.46
724,4,3390.46
725,4,8309.44
726,1,391.99
727,2,1856.61
728,4,10541.96
729,1,611.98
730,4,6196.64
731,4,4334.05
732,2,10322.97
733,3,3146.46
734,4,2230.54
735,2,3631.72
736,3,16436.06
737,4,3531.3
738,4,5812.54
739,1,799.99
740,5,4171.94
741,4,15981.14
742,2,1601.37
743,1,723.89
744,1,751.98
745,3,1585.15
746,1,269.99
747,4,2426.98
748,4,4064.83
749,5,10269.85
750,2,1755.37
751,1,1652.98
752,2,4147.66
753,5,9372.36
754,5,6468.22
755,3,15087.26
756,2,1256.09
757,1,269.99
758,5,2681.15
759,2,1001.61
760,2,2362.16
761,2,6330.57
762,1,930.98
763,2,692.08
764,3,5126.95
765,5,5841.09
766,1,376.79
767,4,8392.94
768,2,1546.38
769,3,4062.33
770,4,5922.9
771,2,583.97
772,1,513.35
773,4,2006.06
774,5,12104.78
775,1,1394.99
776,4,6804.95
777,3,8056.76
778,2,754.48
779,5,6602.94
780,1,422.99
781,3,10792.24
782,4,4214.94
783,4,1818.45
784,3,1847.06
785,3,9274.96
786,1,723.89
787,2,12541.76
788,3,1860.58
789,2,1174.56
790,2,6824.97
791,2,3489.97
792,5,8109.94
793,3,3191.95
794,4,5801.93
795,2,1139.96
796,1,751.98
797,5,14735.41
798,5,4100.43
799,5,17580.71
800,5,5851.92
801,1,316.19
802,4,9157.75
803,4,2843.07
804,3,12433.45
805,5,8204.52
806,5,3804.91
807,5,8009.02
808,4,2258.12
809,3,1441.16
810,4,6881.75
811,4,5017.85
812,2,4539.97
813,5,3818.2
814,4,1754.14
815,4,2259.33
816,2,1863.96
817,3,4156.69
818,4,5231.85
819,1,199.99
820,1,396.14
821,4,2283.8
822,2,1208.48
823,3,11349.95
824,1,377.98
825,2,2004.08
826,2,2141.67
827,4,8570.96
828,3,6261.95
829,2,1402.77
830,3,1999.34
831,3,1950.57
832,4,5745.95
833,1,1139.98
834,3,3750.87
835,3,1885.88
836,1,719.98
837,3,6793.96
838,4,5220.47
839,3,12307.96
840,3,6578.96
841,5,5062.33
842,2,4115.97
843,4,3185.94
844,5,9334.5
845,5,3960.42
846,5,10187.94
847,1,9499.98
848,4,4017.43
849,1,333.59
850,3,3442.81
851,2,999.48
852,1,2622.58
853,5,13107.43
854,1,170.99
855,3,908.07
856,1,1044.98
857,1,799.99
858,4,4094.84
859,5,4001.91
860,5,11596.42
861,2,3302.17
862,3,7063.46
863,1,377.98
864,3,1217.26
865,2,1197.07
866,4,1829.66
867,1,322.99
868,1,1311.29
869,5,10186.62
870,1,3254.99
871,4,3247.24
872,2,7184.97
873,1,845.98
874,4,9287.94
875,4,4012.64
876,4,2205.75
877,2,1194.28
878,4,2289.66
879,4,3032.73
880,5,6239.27
881,4,6412.55
882,3,10949.94
883,2,3022.87
884,5,11588.64
885,2,5188.48
886,2,5984.98
887,2,11993.97
888,2,1805.96
889,1,989.98
890,5,3723.82
891,4,8096.44
892,4,16890.14
893,2,1285.97
894,1,543.98
895,1,418.49
896,2,2136.53
897,2,839.78
898,4,5925.55
899,3,5442.07
900,5,15876.42
901,2,9728.98
902,4,2228.24
903,2,5887.34
904,4,14141.33
905,4,11035.84
906,5,7783.41
907,2,527.28
908,3,2282.96
909,1,1056.79
910,1,269.99
911,4,4369.34
912,4,2747.23
913,2,1422.96
914,4,3167.95
915,4,4397.96
916,1,167.99
917,1,1367.09
918,3,7143.66
919,2,4205.98
920,4,5107.86
921,3,3105.96
922,3,1094.97
923,2,1258.97
924,2,1226.37
925,2,5925.47
926,1,607.98
927,5,12980.93
928,2,912.27
929,3,7350.46
930,5,24607.02
931,2,6749.97
932,1,417.99
933,3,2099.96
934,5,16861.74
935,4,2061.74
936,2,1096.18
937,5,27050.71
938,2,3011.48
939,2,1856.07
940,1,959.98
941,3,4507.61
942,5,4318.0
943,2,927.98
944,5,5299.52
945,5,14172.21
946,5,18114.92
947,3,5226.66
948,5,3159.91
949,2,10529.96
950,1,5224.99
951,3,17479.95
952,2,3015.97
953,1,557.98
954,1,5219.98
955,5,11120.32
956,5,3287.31
957,5,3292.0
958,2,6089.98
959,4,2701.17
960,4,5333.33
961,3,9605.97
962,2,1556.78
963,1,2696.99
964,2,519.98
965,1,377.98
966,2,877.98
967,4,2333.35
968,3,12595.07
969,2,1101.68
970,4,9161.94
971,5,6782.33
972,2,3646.98
973,4,20177.74
974,2,1277.96
975,1,753.58
976,2,2474.97
977,4,4766.83
978,3,2509.94
979,4,4922.94
980,3,8740.96
981,5,7971.22
982,4,11238.65
983,5,6754.93
984,4,2991.75
985,3,5768.21
986,3,1902.56
987,3,14904.61
988,3,2200.86
989,5,3172.44
990,4,2452.94
991,3,5498.36
992,5,6074.04
993,5,9725.83
994,3,1613.39
995,3,1553.96
996,2,1301.47
997,3,1635.54
998,2,1567.17
999,2,1655.07
1000,4,3818.29
1001,4,7179.98
1002,4,4162.85
1003,2,13242.96
1004,1,1499.38
1005,3,2681.95
1006,5,12774.24
1007,5,3720.88
1008,3,1287.57
1009,2,1060.17
1010,1,750.58
1011,4,2446.93
1012,2,2065.98
1013,1,2963.98
1014,4,6382.94
1015,4,2873.93
1016,1,557.98
1017,5,3801.64
1018,3,1467.95
1019,4,2297.75
1020,5,15525.11
1021,2,7067.96
1022,4,3196.2
1023,2,9865.47
1024,5,6829.52
1025,5,2966.64
1026,1,7439.98
1027,2,1052.96
1028,5,5122.34
1029,4,7719.95
1030,3,4296.18
1031,2,2319.96
1032,2,3194.08
1033,3,3168.55
1034,4,6929.1
1035,1,279.99
1036,5,6987.24
1037,5,2707.82
1038,2,2932.48
1039,1,718.4
1040,5,10050.62
1041,3,9938.95
1042,1,269.99
1043,2,5417.97
1044,1,629.98
1045,2,3290.77
1046,5,5723.74
1047,4,9134.7
1048,3,2379.46
1049,5,8683.75
1050,4,3014.92
1051,1,1127.99
1052,3,5440.36
1053,5,9919.91
1054,2,2069.37
1055,5,12909.91
1056,1,949.99
1057,3,1690.66
1058,3,7183.32
1059,3,6530.06
1060,4,17746.59
1061,2,655.19
1062,4,2705.0
1063,3,2749.34
1064,2,3567.56
1065,3,7093.75
1066,3,2770.96
1067,4,7486.32
1068,4,7823.93
1069,2,576.79
1070,3,1422.48
1071,1,799.98
1072,3,2059.93
1073,3,1611.07
1074,3,2894.66
1075,2,3594.86
1076,3,2120.66
1077,1,2963.98
1078,5,7327.03
1079,1,1227.58
1080,5,12400.84
1081,1,1576.78
1082,1,1599.98
1083,4,7021.14
1084,5,4410.35
1085,3,1238.56
1086,5,6672.29
1087,5,7253.61
1088,4,3110.85
1089,2,3127.56
1090,1,351.99
1091,3,5686.58
1092,4,4015.65
1093,3,2768.36
1094,4,2716.76
1095,5,16491.51
1096,1,1512.89
1097,5,3975.23
1098,1,170.99
1099,4,2643.24
1100,2,5922.47
1101,2,6671.6
1102,1,325.49
1103,2,2615.97
1104,4,7211.72
1105,3,11831.33
1106,1,314.99
1107,2,6591.97
1108,3,2605.28
1109,1,1115.98
1110,1,4949.99
1111,4,1464.25
1112,5,11062.41
1113,1,418.49
1114,1,700.79
1115,4,18670.92
1116,1,3126.64
1117,3,12663.95
1118,4,19329.94
1119,3,5893.55
1120,5,4204.52
1121,2,3920.66
1122,5,15205.92
1123,2,9645.38
1124,5,11476.53
1125,5,4814.62
1126,3,5244.95
1127,3,1494.95
1128,3,2411.47
1129,3,14567.15
1130,1,5119.98
1131,2,3950.36
1132,4,8498.46
1133,4,9044.92
1134,2,1064.68
1135,2,6495.97
1136,1,480.59
1137,4,10951.55
1138,3,1716.55
1139,5,6723.07
1140,4,13765.54
1141,1,1619.99
1142,5,4459.21
1143,3,2190.56
1144,1,176.69
1145,1,993.22
1146,3,2511.46
1147,2,3377.97
1148,4,2834.84
1149,5,7575.34
1150,4,2664.96
1151,1,1899.98
1152,3,5732.46
1153,2,1389.77
1154,3,2195.57
1155,4,3995.62
1156,2,1037.37
1157,4,5454.44
1158,2,949.17
1159,1,989.98
1160,2,3722.98
1161,4,3278.04
1162,5,10728.43
1163,2,7999.96
1164,4,4130.34
1165,2,1063.89
1166,1,1026.7
1167,3,4298.45
1168,5,8787.12
1169,4,17494.93
1170,3,16846.95
1171,3,3671.7
1172,2,1590.85
1173,4,1949.63
1174,3,1595.66
1175,5,13947.54
1176,1,170.99
1177,2,6905.97
1178,4,2891.75
1179,4,7091.93
1180,1,466.84
1181,1,440.99
1182,2,7049.67
1183,3,4912.15
1184,2,1536.12
1185,4,7995.8
1186,4,7159.95
1187,4,5834.13
1188,3,1353.74
1189,3,12392.95
1190,1,387.8
1191,3,9833.65
1192,3,1951.34
1193,2,1234.97
1194,4,8901.79
1195,1,814.67
1196,1,697.49
1197,4,7526.03
1198,1,507.29
1199,3,1662.05
1200,1,3679.98
1201,5,2548.97
1202,1,208.98
1203,2,3439.17
1204,1,706.78
1205,5,4445.05
1206,2,80696.69
1207,3,123367.22
1208,5,198805.01
1209,2,52778.12
1210,5,432702.54
1211,5,439494.15
1212,4,4789.73
1213,4,2899.48
1214,5,10998.02
1215,2,4231.12
1216,5,9927.2
1217,2,1567.47
1218,2,1368.07
1219,3,15097.9
1220,3,12867.95
1221,5,8336.41
1222,1,279.99
1223,1,524.39
1224,4,9908.46
1225,3,6515.95
1226,5,13033.59
1227,5,6762.13
1228,3,5627.95
1229,2,10549.34
1230,2,1868.96
1231,2,1753.77
1232,3,7040.84
1233,3,11463.95
1234,2,11005.58
1235,1,3599.99
1236,3,2658.76
1237,5,6578.92
1238,4,5528.95
1239,4,2800.29
1240,5,5588.51
1241,2,1210.27
1242,4,3136.04
1243,1,502.19
1244,4,2840.04
1245,1,242.99
1246,3,3994.45
1247,3,6023.95
1248,4,2032.44
1249,3,7782.87
1250,4,3668.92
1251,3,17834.96
1252,3,4210.36
1253,3,1303.06
1254,2,889.58
1255,5,11391.42
1256,2,1304.97
1257,5,11428.65
1258,2,1019.96
1259,2,1763.19
1260,2,1845.88
1261,4,3439.45
1262,4,11787.55
1263,3,4829.18
1264,4,4236.34
1265,2,3799.16
1266,2,1367.98
1267,4,2357.96
1268,4,5806.03
1269,3,8263.86
1270,1,2559.99
1271,4,13287.52
1272,3,1850.05
1273,3,5115.96
1274,1,989.99
1275,2,5549.98
1276,5,8820.14
1277,5,18553.72
1278,2,1416.57
1279,1,5699.98
1280,4,5185.83
1281,3,8011.31
1282,2,10047.42
1283,5,15747.74
1284,3,7536.16
1285,4,2484.42
1286,3,2889.85
1287,4,9327.73
1288,4,8481.89
1289,2,1099.48
1290,3,2309.3
1291,2,11299.97
1292,1,613.79
1293,3,2200.94
1294,2,1082.97
1295,3,6945.76
1296,4,3058.94
1297,3,18281.47
1298,2,3346.03
1299,4,2780.54
1300,2,10132.36
1301,3,3793.15
1302,3,11832.45
1303,5,7984.93
1304,4,2093.41
1305,4,5315.9
1306,5,11210.72
1307,3,2518.14
1308,5,8712.84
1309,2,633.62
1310,4,8945.74
1311,4,5863.44
1312,3,1250.86
1313,3,1243.78
1314,3,2217.64
1315,5,4305.95
1316,2,728.97
1317,1,593.99
1318,4,7228.04
1319,2,837.98
1320,3,1113.26
1321,3,3824.06
1322,2,5665.76
1323,3,3056.96
1324,4,5835.85
1325,4,8729.96
1326,2,5579.96
1327,4,7938.93
1328,5,3866.04
1329,5,4685.09
1330,5,3546.92
1331,4,6701.45
1332,4,2658.14
1333,5,12369.62
1334,5,20509.42
1335,1,4274.98
1336,5,14397.13
1337,1,4499.99
1338,1,12089.98
1339,1,2975.99
1340,3,4030.95
1341,4,12381.82
1342,2,1681.48
1343,5,9942.13
1344,4,7951.14
1345,4,17758.34
1346,5,8797.04
1347,2,10570.47
1348,4,20648.95
1349,4,18853.35
1350,5,8127.94
1351,2,1797.97
1352,5,4226.22
1353,4,2312.44
1354,1,1394.98
1355,4,9479.95
1356,3,8445.95
1357,3,4863.96
1358,1,1439.98
1359,2,892.98
1360,1,1551.34
1361,3,8303.37
1362,3,12935.94
1363,1,451.78
1364,4,24890.62
1365,3,6803.97
1366,3,9173.38
1367,4,7947.44
1368,3,4737.26
1369,1,512.98
1370,4,8327.94
1371,2,3865.76
1372,2,1209.47
1373,1,3149.99
1374,2,5891.16
1375,2,5419.97
1376,1,1228.52
1377,4,18278.94
1378,5,9712.94
1379,3,1538.96
1380,2,2419.76
1381,2,1987.96
1382,5,5332.94
1383,2,6259.26
1384,4,6718.55
1385,4,6843.94
1386,4,5515.96
1387,1,404.99
1388,1,2699.99
1389,3,6971.55
1390,5,9200.82
1391,3,1793.75
1392,2,2013.96
1393,4,11183.04
1394,1,4749.98
1395,4,7663.94
1396,2,3659.98
1397,5,9314.83
1398,2,1392.27
1399,4,6183.56
1400,4,2738.24
1401,3,1961.86
1402,4,14249.64
1403,1,377.98
1404,3,5444.95
1405,1,5399.98
1406,2,1257.97
1407,4,3285.75
1408,4,5777.76
1409,5,9481.43
1410,3,17611.95
1411,2,3899.97
1412,3,7256.77
1413,1,531.98
1414,2,6102.96
1415,4,4521.88
1416,3,4458.95
1417,1,1023.98
1418,2,5291.96
1419,3,3644.04
1420,3,9849.07
1421,1,531.98
1422,3,3535.27
1423,4,2119.25
1424,1,7999.98
1425,5,10314.92
1426,3,2135.06
1427,3,6530.91
1428,5,14935.02
1429,1,1055.98
1430,2,601.58
1431,4,7394.96
1432,1,1519.2
1433,1,232.49
1434,4,13191.93
1435,4,5923.95
1436,1,1041.58
1437,1,3039.98
1438,5,14405.04
1439,4,10266.95
1440,5,7659.33
1441,3,2877.76
1442,3,4700.06
1443,3,6396.96
1444,2,3227.39
1445,3,3766.63
1446,3,3229.95
1447,1,4399.99
1448,1,674.99
1449,5,11972.92
1450,5,13773.62
1451,1,1396.49
1452,4,2320.55
1453,1,377.98
1454,4,4041.15
1455,2,1245.97
1456,5,6887.13
1457,4,4960.45
1458,4,2804.14
1459,1,1133.91
1460,5,14566.43
1461,2,2319.97
1462,5,4196.95
1463,2,13821.53
1464,4,8936.44
1465,1,1253.98
1466,4,9532.35
1467,3,3643.54
1468,3,15999.96
1469,4,6150.93
1470,3,6813.75
1471,2,5833.97
1472,2,727.98
1473,2,631.67
1474,2,1669.98
1475,4,7952.04
1476,5,14573.92
1477,1,2478.4
1478,2,1681.97
1479,2,3659.98
1480,4,4714.12
1481,2,2222.97
1482,5,25365.43
1483,2,1730.27
1484,3,7487.14
1485,2,4255.97
1486,4,4050.45
1487,5,12259.93
1488,2,4463.98
1489,3,3636.36
1490,3,1248.97
1491,4,9389.03
1492,1,683.98
1493,1,386.99
1494,3,2448.94
1495,3,4242.06
1496,5,4270.43
1497,3,14655.94
1498,2,4527.97
1499,5,8897.88
1500,2,3031.77
1501,5,3341.01
1502,5,3764.08
1503,2,1673.97
1504,1,297.59
1505,3,12099.94
1506,3,25574.95
1507,5,7447.32
1508,4,2524.15
1509,1,1394.98
1510,5,14839.98
1511,5,7435.5
1512,1,846.29
1513,3,14544.95
1514,2,11119.96
1515,5,15645.91
1516,5,14035.91
1517,2,6127.96
1518,3,11673.94
1519,5,7744.68
1520,4,11710.93
1521,4,4779.94
1522,3,3125.07
1523,1,1199.98
1524,4,7066.05
1525,3,10963.12
1526,4,7712.46
1527,3,4747.36
1528,1,687.98
1529,2,11084.97
1530,2,1160.97
1531,1,1709.1
1532,1,5579.98
1533,5,8782.13
1534,4,9986.44
1535,2,1339.47
1536,3,10647.95
1537,1,1614.98
1538,5,10608.63
1539,2,1937.96
1540,5,12914.13
1541,5,29147.02
1542,5,11580.32
1543,5,4868.52
1544,2,6967.16
1545,1,782.99
1546,4,12039.95
1547,2,3599.97
1548,3,9277.96
1549,4,3899.44
1550,5,12117.72
1551,1,6399.98
1552,2,4862.97
1553,4,4000.16
1554,2,936.48
1555,5,13431.05
1556,5,8987.72
1557,1,2509.14
1558,5,10885.54
1559,4,7084.45
1560,2,2775.97
1561,2,4623.96
1562,3,8712.76
1563,1,3254.99
1564,2,1079.98
1565,5,2719.34
1566,2,10373.97
1567,1,255.99
1568,3,5306.59
1569,1,2699.99
1570,1,11159.99
1571,3,2740.75
1572,4,8237.94
1573,5,6495.52
1574,1,422.99
1575,5,9182.22
1576,3,7350.11
1577,5,8025.86
1578,3,8750.95
1579,4,5019.95
1580,2,1114.16
1581,2,672.98
1582,2,3347.97
1583,2,967.47
1584,5,13293.92
1585,5,11444.93
1586,5,4443.74
1587,4,9802.93
1588,1,390.58
1589,3,6355.95
1590,3,6710.96
1591,5,6357.91
1592,5,17181.04
1593,5,18523.17
1594,2,1205.97
1595,1,303.99
1596,2,736.59
1597,2,5393.98
1598,3,7141.96
1599,1,771.18
1600,3,5470.37
1601,5,10937.33
1602,4,3223.63
1603,1,436.98
1604,1,188.99
1605,5,8597.94
1606,2,782.98
1607,1,949.99
1608,1,1006.98
1609,4,2483.14
1610,2,5894.66
1611,3,8963.96
1612,9,6932.25
1613,2,5257.97
1614,4,6536.01
1615,6,13033.92
